sample_id,duration_s,text_dimension,audio_dimension,vision_dimension,aligned_windows,window_seconds,text_valid_windows,audio_signal_windows,face_valid_windows,asr_anchor_accepted,feature_file,mapping_file
-3g5yACwYnA$_$13,5.399,50×768,50×50,50×35,50,0.108,16,50,50,True,8dc631ecd84c3dceaabe.npz,8dc631ecd84c3dceaabe.json
-3g5yACwYnA$_$3,14.328,50×768,50×50,50×35,50,0.287,29,50,50,True,1866c58309df2568c26c.npz,1866c58309df2568c26c.json
-3g5yACwYnA$_$2,9.231,50×768,50×50,50×35,50,0.185,15,50,50,True,54a75b973c744a6ad529.npz,54a75b973c744a6ad529.json
-3g5yACwYnA$_$9,8.696,50×768,50×50,50×35,50,0.174,26,50,50,True,fbe93e7b19a575ff5268.npz,fbe93e7b19a575ff5268.json
-3nNcZdcdvU$_$5,7.789,50×768,50×50,50×35,50,0.156,19,50,50,True,64f471f84f14d9784930.npz,64f471f84f14d9784930.json
-HwX2H8Z4hY$_$2,3.916,50×768,50×50,50×35,50,0.078,12,50,16,False,0f9318061635cc56d48d.npz,0f9318061635cc56d48d.json
-HwX2H8Z4hY$_$5,5.544,50×768,50×50,50×35,50,0.111,10,50,19,True,2cb3964c1452f52fbf4f.npz,2cb3964c1452f52fbf4f.json
-HwX2H8Z4hY$_$6,3.256,50×768,50×50,50×35,50,0.065,8,50,32,True,75ed5bba159cc8eac271.npz,75ed5bba159cc8eac271.json
-HwX2H8Z4hY$_$9,7.636,50×768,50×50,50×35,50,0.153,22,50,50,True,30dd7a1cfaa0a1e4919d.npz,30dd7a1cfaa0a1e4919d.json
-NFrJFQijFE$_$1,5.659,50×768,50×50,50×35,50,0.113,14,50,0,False,ffc3558fb398604cae5d.npz,ffc3558fb398604cae5d.json
-NFrJFQijFE$_$2,6.698,50×768,50×50,50×35,50,0.134,15,50,0,False,18b60ca4ad355ab4af5b.npz,18b60ca4ad355ab4af5b.json
-THoVjtIkeU$_$12,14.806,50×768,50×50,50×35,50,0.296,38,50,50,True,6f2c9db49ae091d735b2.npz,6f2c9db49ae091d735b2.json
-THoVjtIkeU$_$2,4.231,50×768,50×50,50×35,50,0.085,11,50,50,True,87f25ab864064b50714a.npz,87f25ab864064b50714a.json
-THoVjtIkeU$_$6,7.983,50×768,50×50,50×35,50,0.160,32,50,50,True,6aedcfc6c3769c4d428d.npz,6aedcfc6c3769c4d428d.json
-UuX1xuaiiE$_$1,10.268,50×768,50×50,50×35,50,0.205,31,50,50,True,df0a27c811a15450f406.npz,df0a27c811a15450f406.json
-UuX1xuaiiE$_$0,3.576,50×768,50×50,50×35,50,0.072,10,50,50,True,b61b02caac835f9404d5.npz,b61b02caac835f9404d5.json
-UuX1xuaiiE$_$3,4.038,50×768,50×50,50×35,50,0.081,9,50,50,True,1812019906309aef2ce7.npz,1812019906309aef2ce7.json
-UuX1xuaiiE$_$6,7.944,50×768,50×50,50×35,50,0.159,23,50,50,True,a8bdd782de06cfb884ac.npz,a8bdd782de06cfb884ac.json
-a55Q6RWvTA$_$3,22.083,50×768,50×50,50×35,50,0.442,49,50,50,True,a06ea086a55386fc6e71.npz,a06ea086a55386fc6e71.json
-aNfi7CP8vM$_$7,8.538,50×768,50×50,50×35,50,0.171,21,50,50,True,ee914784c64478edf239.npz,ee914784c64478edf239.json
-aqamKhZ1Ec$_$0,10.890,50×768,50×50,50×35,50,0.218,16,50,50,True,a103afb915b901c80b24.npz,a103afb915b901c80b24.json
-dxfTGcXJoc$_$1,16.018,50×768,50×50,50×35,50,0.320,40,50,50,True,cea146686e26052e922e.npz,cea146686e26052e922e.json
-dxfTGcXJoc$_$0,20.410,50×768,50×50,50×35,50,0.408,42,50,39,True,b94bedbf07224e282c97.npz,b94bedbf07224e282c97.json
-dxfTGcXJoc$_$2,16.633,50×768,50×50,50×35,50,0.333,36,50,50,True,8ad780a2236e43938da9.npz,8ad780a2236e43938da9.json
-dxfTGcXJoc$_$6,12.628,50×768,50×50,50×35,50,0.253,30,50,50,True,11cbccbedf4525f05de3.npz,11cbccbedf4525f05de3.json
-egA8-b7-3M$_$26,5.921,50×768,50×50,50×35,50,0.118,16,50,50,True,dccc542491dbe20b704d.npz,dccc542491dbe20b704d.json
-egA8-b7-3M$_$17,7.095,50×768,50×50,50×35,50,0.142,19,50,50,True,a5806bde00bebeb5d6ae.npz,a5806bde00bebeb5d6ae.json
-egA8-b7-3M$_$18,8.266,50×768,50×50,50×35,50,0.165,23,50,50,True,c89c92c8c2c26e86085d.npz,c89c92c8c2c26e86085d.json
-egA8-b7-3M$_$16,5.483,50×768,50×50,50×35,50,0.110,13,50,50,True,3f6851585750ba5df5df.npz,3f6851585750ba5df5df.json
-egA8-b7-3M$_$13,4.024,50×768,50×50,50×35,50,0.080,14,50,50,True,799b298022520321bf51.npz,799b298022520321bf51.json
-egA8-b7-3M$_$1,10.156,50×768,50×50,50×35,50,0.203,22,50,50,True,1e7b7bf0f41145eadf48.npz,1e7b7bf0f41145eadf48.json
-egA8-b7-3M$_$6,6.183,50×768,50×50,50×35,50,0.124,13,50,50,True,2cc54fd68cff1ab3809b.npz,2cc54fd68cff1ab3809b.json
-egA8-b7-3M$_$9,4.936,50×768,50×50,50×35,50,0.099,12,50,50,True,124a2b0e45c71df5f291.npz,124a2b0e45c71df5f291.json
-egA8-b7-3M$_$20,6.474,50×768,50×50,50×35,50,0.129,22,50,50,True,20d7fe7e0601f6581fa0.npz,20d7fe7e0601f6581fa0.json
-iRBcNs9oI8$_$3,5.538,50×768,50×50,50×35,50,0.111,9,50,50,False,ca750a23729cbd35ab6c.npz,ca750a23729cbd35ab6c.json
-iRBcNs9oI8$_$7,4.006,50×768,50×50,50×35,50,0.080,13,50,50,False,62544c7d451d27947531.npz,62544c7d451d27947531.json
-iRBcNs9oI8$_$6,2.820,50×768,50×50,50×35,50,0.056,5,50,50,False,841d2f0b2bb57d1e8ed7.npz,841d2f0b2bb57d1e8ed7.json
-iRBcNs9oI8$_$9,3.374,50×768,50×50,50×35,50,0.067,5,50,46,False,85516e38b8762f2a0c5f.npz,85516e38b8762f2a0c5f.json
-iRBcNs9oI8$_$8,8.026,50×768,50×50,50×35,50,0.161,24,50,50,False,d60fe163ddbf9eb08215.npz,d60fe163ddbf9eb08215.json
-lzEya4AM_4$_$5,7.570,50×768,50×50,50×35,50,0.151,21,50,50,True,55d9636ac1f3378df52f.npz,55d9636ac1f3378df52f.json
-lzEya4AM_4$_$6,14.740,50×768,50×50,50×35,50,0.295,41,50,50,True,6c59ffb1b8f70975298b.npz,6c59ffb1b8f70975298b.json
-mJ2ud6oKI8$_$1,6.054,50×768,50×50,50×35,50,0.121,13,0,0,False,90d8637bb6f98e9bb648.npz,90d8637bb6f98e9bb648.json
-mJ2ud6oKI8$_$2,5.702,50×768,50×50,50×35,50,0.114,11,0,33,False,9d4a5f8e9cb30e09a365.npz,9d4a5f8e9cb30e09a365.json
-mJ2ud6oKI8$_$6,2.228,50×768,50×50,50×35,50,0.045,5,50,50,False,5863088e5fe56abb27f7.npz,5863088e5fe56abb27f7.json
-mJ2ud6oKI8$_$9,6.909,50×768,50×50,50×35,50,0.138,22,50,50,False,7bd68d8febc55972ea1e.npz,7bd68d8febc55972ea1e.json
-mJ2ud6oKI8$_$8,4.171,50×768,50×50,50×35,50,0.083,11,50,50,False,c18b255f41fcee33b0f3.npz,c18b255f41fcee33b0f3.json
-mqbVkbCndg$_$0,6.386,50×768,50×50,50×35,50,0.128,17,50,50,True,b2b8dc3ec4d10059a88e.npz,b2b8dc3ec4d10059a88e.json
-t217m2on-s$_$2,5.630,50×768,50×50,50×35,50,0.113,14,50,50,True,d89e5dbd993ed425910b.npz,d89e5dbd993ed425910b.json
-t217m2on-s$_$7,17.026,50×768,50×50,50×35,50,0.341,40,50,50,True,e555ba3593e02f043389.npz,e555ba3593e02f043389.json
-tANM6ETl_M$_$3,6.604,50×768,50×50,50×35,50,0.132,25,50,50,True,0c21774b7e7f79f691b3.npz,0c21774b7e7f79f691b3.json
-tPCytz4rww$_$11,5.379,50×768,50×50,50×35,50,0.108,18,50,50,True,045f94fc41b92eaafcdd.npz,045f94fc41b92eaafcdd.json
-tPCytz4rww$_$10,4.679,50×768,50×50,50×35,50,0.094,13,50,50,True,2e80fc2043ee710ab7c3.npz,2e80fc2043ee710ab7c3.json
-tPCytz4rww$_$12,11.736,50×768,50×50,50×35,50,0.235,25,50,50,True,855601d6c94b389300c9.npz,855601d6c94b389300c9.json
-tPCytz4rww$_$16,7.139,50×768,50×50,50×35,50,0.143,17,50,50,True,173b4674cd47a870f924.npz,173b4674cd47a870f924.json
-tPCytz4rww$_$18,6.569,50×768,50×50,50×35,50,0.131,17,50,50,True,ca6e74b4072e37a3b21a.npz,ca6e74b4072e37a3b21a.json
-vxjVxOeScU$_$4,9.037,50×768,50×50,50×35,50,0.181,22,50,50,True,c6aa12817a2459cd8712.npz,c6aa12817a2459cd8712.json
-wMB_hJL-3o$_$7,5.976,50×768,50×50,50×35,50,0.120,23,50,50,True,635e21a80b694305906e.npz,635e21a80b694305906e.json
-wny0OAz3g8$_$1,6.777,50×768,50×50,50×35,50,0.136,28,50,50,True,b4e6d85d7fc3011bd343.npz,b4e6d85d7fc3011bd343.json
-wny0OAz3g8$_$0,3.274,50×768,50×50,50×35,50,0.065,11,50,50,True,8a5e5dad85e40d147624.npz,8a5e5dad85e40d147624.json
-wny0OAz3g8$_$3,6.100,50×768,50×50,50×35,50,0.122,20,50,50,True,9b69b68bcd259161b567.npz,9b69b68bcd259161b567.json
-wny0OAz3g8$_$2,6.523,50×768,50×50,50×35,50,0.130,27,50,50,True,8678cc135d4d4facb42d.npz,8678cc135d4d4facb42d.json
-wny0OAz3g8$_$5,6.741,50×768,50×50,50×35,50,0.135,23,50,50,True,92cff8134d855521438b.npz,92cff8134d855521438b.json
-wny0OAz3g8$_$7,7.910,50×768,50×50,50×35,50,0.158,29,50,50,True,ea37a99609120456f7a1.npz,ea37a99609120456f7a1.json
-wny0OAz3g8$_$9,6.043,50×768,50×50,50×35,50,0.121,22,50,50,True,4f275272762c58a66821.npz,4f275272762c58a66821.json
-571d8cVauQ$_$0,4.992,50×768,50×50,50×35,50,0.100,14,50,46,True,86ae657283b65b00bac0.npz,86ae657283b65b00bac0.json
-571d8cVauQ$_$5,15.115,50×768,50×50,50×35,50,0.302,42,50,50,True,c85c8d88b3f0ebd8f1af.npz,c85c8d88b3f0ebd8f1af.json
-I_e4mIh0yE$_$1,7.444,50×768,50×50,50×35,50,0.149,19,50,50,True,53896899bc7d09bd808b.npz,53896899bc7d09bd808b.json
-I_e4mIh0yE$_$3,8.994,50×768,50×50,50×35,50,0.180,24,50,50,True,137c460938c0f3a586e9.npz,137c460938c0f3a586e9.json
-UacrmKiTn4$_$10,7.242,50×768,50×50,50×35,50,0.145,20,50,50,True,672e9657d8004916dd06.npz,672e9657d8004916dd06.json
-UacrmKiTn4$_$4,4.682,50×768,50×50,50×35,50,0.094,15,50,50,True,6b6b597881072c9d1bea.npz,6b6b597881072c9d1bea.json
-hnBHBN8p5A$_$7,7.309,50×768,50×50,50×35,50,0.146,17,50,45,False,5e3f10b5cb4bad926b03.npz,5e3f10b5cb4bad926b03.json
-hnBHBN8p5A$_$6,6.333,50×768,50×50,50×35,50,0.127,13,50,44,False,4f3bec0a51f404f9d621.npz,4f3bec0a51f404f9d621.json
-qDkUB0GgYY$_$6,4.615,50×768,50×50,50×35,50,0.092,18,50,50,True,efcda9457dbcb06f7f3c.npz,efcda9457dbcb06f7f3c.json
-uywlfIYOS8$_$4,5.881,50×768,50×50,50×35,50,0.118,20,50,50,True,9b236026ca3c7d8b2f74.npz,9b236026ca3c7d8b2f74.json
-6rXp3zJ3kc$_$8,12.738,50×768,50×50,50×35,50,0.255,34,50,50,True,d1a547c4af725a56dd48.npz,d1a547c4af725a56dd48.json
-9y-fZ3swSY$_$0,6.757,50×768,50×50,50×35,50,0.135,27,50,50,True,c60ab78f9e41b008aec8.npz,c60ab78f9e41b008aec8.json
-9y-fZ3swSY$_$4,2.665,50×768,50×50,50×35,50,0.053,11,50,50,True,608df3cd12e288912555.npz,608df3cd12e288912555.json
-9y-fZ3swSY$_$8,4.917,50×768,50×50,50×35,50,0.098,14,50,50,True,45bac43eaacc66cf93c8.npz,45bac43eaacc66cf93c8.json
-AUZQgSxyPQ$_$2,22.405,50×768,50×50,50×35,50,0.448,42,50,50,True,4d606e049961c55bd715.npz,4d606e049961c55bd715.json
-HeZS2-Prhc$_$2,8.151,50×768,50×50,50×35,50,0.163,17,50,50,True,7e5ce1d3422c8d21ca8d.npz,7e5ce1d3422c8d21ca8d.json
-MeTTeMJBNc$_$0,9.218,50×768,50×50,50×35,50,0.184,24,50,48,True,8e8704664f41b59bc273.npz,8e8704664f41b59bc273.json
-MeTTeMJBNc$_$13,5.255,50×768,50×50,50×35,50,0.105,16,50,50,True,563477373ff01c65ddbb.npz,563477373ff01c65ddbb.json
-MeTTeMJBNc$_$7,10.411,50×768,50×50,50×35,50,0.208,32,50,50,True,c4b14850b66535f3582f.npz,c4b14850b66535f3582f.json
-RfYyzHpjk4$_$11,5.075,50×768,50×50,50×35,50,0.101,19,50,50,True,72e07b1b22a0b95d7e4b.npz,72e07b1b22a0b95d7e4b.json
-RfYyzHpjk4$_$8,4.532,50×768,50×50,50×35,50,0.091,19,50,50,True,b466ce08c6b50f05d771.npz,b466ce08c6b50f05d771.json
-RfYyzHpjk4$_$2,5.392,50×768,50×50,50×35,50,0.108,27,50,50,True,4d423d22100e313e7b50.npz,4d423d22100e313e7b50.json
-UUCSKoHeMA$_$0,7.732,50×768,50×50,50×35,50,0.155,22,50,48,True,e595c3acb2be672f9849.npz,e595c3acb2be672f9849.json
-ri04Z7vwnc$_$0,2.763,50×768,50×50,50×35,50,0.055,8,50,0,False,75d4f33bd731a5ba9743.npz,75d4f33bd731a5ba9743.json
-ri04Z7vwnc$_$2,5.913,50×768,50×50,50×35,50,0.118,19,50,17,False,f588d0bb7f99e006dd06.npz,f588d0bb7f99e006dd06.json
-ri04Z7vwnc$_$5,3.440,50×768,50×50,50×35,50,0.069,9,50,50,False,638a5d64a9c45deecff8.npz,638a5d64a9c45deecff8.json
-s9qJ7ATP7w$_$1,4.644,50×768,50×50,50×35,50,0.093,12,50,50,True,8ae9d60691c2c13d53a3.npz,8ae9d60691c2c13d53a3.json
-s9qJ7ATP7w$_$0,6.711,50×768,50×50,50×35,50,0.134,28,50,50,True,a9660ef67c0aeb11b66a.npz,a9660ef67c0aeb11b66a.json
-s9qJ7ATP7w$_$5,8.398,50×768,50×50,50×35,50,0.168,20,50,50,True,9b5e4e9015c12e4954c0.npz,9b5e4e9015c12e4954c0.json
-s9qJ7ATP7w$_$4,4.247,50×768,50×50,50×35,50,0.085,10,50,50,True,f9bdb0562f96d0f4c7ab.npz,f9bdb0562f96d0f4c7ab.json
-s9qJ7ATP7w$_$7,6.839,50×768,50×50,50×35,50,0.137,32,50,37,True,e1fcd4468ec135fa1c48.npz,e1fcd4468ec135fa1c48.json
-s9qJ7ATP7w$_$6,2.315,50×768,50×50,50×35,50,0.046,5,50,42,True,117efd28b91a0a2a87e8.npz,117efd28b91a0a2a87e8.json
-s9qJ7ATP7w$_$8,3.184,50×768,50×50,50×35,50,0.064,17,50,50,True,fe4e312dc6067b96685f.npz,fe4e312dc6067b96685f.json
-yRb-Jum7EQ$_$1,29.110,50×768,50×50,50×35,50,0.582,44,50,50,False,f1992cb41a335da1580c.npz,f1992cb41a335da1580c.json
-yRb-Jum7EQ$_$5,13.045,50×768,50×50,50×35,50,0.261,27,50,50,False,e28897e0abdaa7261a19.npz,e28897e0abdaa7261a19.json
-yRb-Jum7EQ$_$6,11.243,50×768,50×50,50×35,50,0.225,21,50,50,False,24b60f4810cbf1679dfd.npz,24b60f4810cbf1679dfd.json
